Ticker,Name,Price,Volume,Signal,Model,Success Rate,Mean Ret,Median Ret,T-Score,Trades,Ave. Days,Link to Details
GIS,"General Mills, Inc.",$54.54,3290441,Buy,BBANDS[50_1_1]_breakout,100.0%,1.88%,1.89%,38.04,20.00,9.3,https://arizet.com/quantumstocks/#v/pl/tk/GIS/sn/BBANDS[50_1_1]_breakout/sg/Buy/bk/BBANDS[50_1_1]_breakout_Buy_GIS_1:3_ATR[20]_m24/tp/Ticker/
HE,"Hawaiian Electric Industries, Inc.",$44.30,265349,Buy,EMA[20]_price_crossover,100.0%,2.18%,1.51%,6.91,28.00,11.0,https://arizet.com/quantumstocks/#v/pl/tk/HE/sn/EMA[20]_price_crossover/sg/Buy/bk/EMA[20]_price_crossover_Buy_HE_1:3_ATR[20]_m24/tp/Ticker/
ADUS,"Addus HomeCare Corporation",$77.36,160508,Buy,BBANDS[50_1_1]_counter_trend,100.0%,6.54%,5.12%,4.87,17.00,14.6,https://arizet.com/quantumstocks/#v/pl/tk/ADUS/sn/BBANDS[50_1_1]_counter_trend/sg/Buy/bk/BBANDS[50_1_1]_counter_trend_Buy_ADUS_exit_after_10_days_m24/tp/Ticker/
ASNA,"Ascena Retail Group, Inc.",$0.33,3460385,Buy,WMA[50]_price_crossover,100.0%,7.47%,7.34%,14.75,18.00,9.2,https://arizet.com/quantumstocks/#v/pl/tk/ASNA/sn/WMA[50]_price_crossover/sg/Buy/bk/WMA[50]_price_crossover_Sell_ASNA_1:3_ATR[20]_m24/tp/Ticker/
ATO,"Atmos Energy Corporation",$110.11,345923,Buy,BBANDS[50_1_1]_breakout,100.0%,1.47%,1.41%,29.07,32.00,9.3,https://arizet.com/quantumstocks/#v/pl/tk/ATO/sn/BBANDS[50_1_1]_breakout/sg/Buy/bk/BBANDS[50_1_1]_breakout_Buy_ATO_1:3_ATR[20]_m24/tp/Ticker/
AWRE,"Aware, Inc.",$2.77,10511,Buy,BBANDS[10_2_2]_counter_trend,100.0%,3.94%,4.14%,20.92,17.00,6.9,https://arizet.com/quantumstocks/#v/pl/tk/AWRE/sn/BBANDS[10_2_2]_counter_trend/sg/Buy/bk/BBANDS[10_2_2]_counter_trend_Sell_AWRE_1:3_ATR[20]_m24/tp/Ticker/
AWRE,"Aware, Inc.",$2.77,10511,Buy,BBANDS[20_1_1]_counter_trend,97.3%,3.18%,3.18%,7.09,37.00,9.3,https://arizet.com/quantumstocks/#v/pl/tk/AWRE/sn/BBANDS[20_1_1]_counter_trend/sg/Buy/bk/BBANDS[20_1_1]_counter_trend_Sell_AWRE_1:3_ATR[20]_m24/tp/Ticker/
AWRE,"Aware, Inc.",$2.77,10511,Buy,RSI[5]_crosses_70_30_levels,100.0%,5.20%,4.82%,7.51,18.00,14.8,https://arizet.com/quantumstocks/#v/pl/tk/AWRE/sn/RSI[5]_crosses_70_30_levels/sg/Buy/bk/RSI[5]_crosses_70_30_levels_Sell_AWRE_exit_after_10_days_m24/tp/Ticker/
BEST,"BEST, Inc. Sponsored ADR",$5.50,2863294,Buy,SMA[5]_price_crossover,100.0%,5.51%,5.28%,29.76,20.00,5.6,https://arizet.com/quantumstocks/#v/pl/tk/BEST/sn/SMA[5]_price_crossover/sg/Buy/bk/SMA[5]_price_crossover_Buy_BEST_1:3_ATR[20]_m24/tp/Ticker/
CEI,"Lucas Energy, Inc.",$0.23,14477551,Buy,SMA[10]_price_crossover,100.0%,19.15%,17.50%,12.81,30.00,11.8,https://arizet.com/quantumstocks/#v/pl/tk/CEI/sn/SMA[10]_price_crossover/sg/Buy/bk/SMA[10]_price_crossover_Sell_CEI_1:3_ATR[20]_m24/tp/Ticker/
CEI,"Lucas Energy, Inc.",$0.23,14477551,Buy,TRIMA[10]_price_crossover,100.0%,20.50%,18.39%,14.62,36.00,13.3,https://arizet.com/quantumstocks/#v/pl/tk/CEI/sn/TRIMA[10]_price_crossover/sg/Buy/bk/TRIMA[10]_price_crossover_Sell_CEI_1:3_ATR[20]_m24/tp/Ticker/
CEL,"Cellcom Israel, Ltd.",$2.11,13474,Buy,CCI[20]_crosses_back_100_(-100)_levels,100.0%,2.74%,2.75%,16.42,18.00,6.9,https://arizet.com/quantumstocks/#v/pl/tk/CEL/sn/CCI[20]_crosses_back_100_(-100)_levels/sg/Buy/bk/CCI[20]_crosses_back_100_(-100)_levels_Sell_CEL_1:3_ATR[20]_m24/tp/Ticker/
CHE,"Chemed Corporation",$419.98,84541,Buy,MFI[7]_crosses_70_30_levels,100.0%,2.23%,1.93%,10.36,17.00,9.1,https://arizet.com/quantumstocks/#v/pl/tk/CHE/sn/MFI[7]_crosses_70_30_levels/sg/Buy/bk/MFI[7]_crosses_70_30_levels_Buy_CHE_1:3_ATR[20]_m24/tp/Ticker/
CLR,"Continental Resources, Inc.",$39.16,11566238,Buy,SMA[50]_price_crossover,100.0%,6.55%,7.00%,15.48,19.00,14.9,https://arizet.com/quantumstocks/#v/pl/tk/CLR/sn/SMA[50]_price_crossover/sg/Buy/bk/SMA[50]_price_crossover_Sell_CLR_2:3_ATR[20]_m24/tp/Ticker/
CP,"Canadian Pacific Railway Limited",$231.50,586249,Buy,STOCHF[21_3]_K_crosses_D_line,100.0%,5.95%,4.92%,4.82,16.00,29.4,https://arizet.com/quantumstocks/#v/pl/tk/CP/sn/STOCHF[21_3]_K_crosses_D_line/sg/Buy/bk/STOCHF[21_3]_K_crosses_D_line_Buy_CP_exit_after_20_days_m24/tp/Ticker/
CP,"Canadian Pacific Railway Limited",$231.50,586249,Buy,STOCHF[5_3]_K_crosses_D_line,100.0%,4.58%,3.02%,3.87,16.00,29.6,https://arizet.com/quantumstocks/#v/pl/tk/CP/sn/STOCHF[5_3]_K_crosses_D_line/sg/Buy/bk/STOCHF[5_3]_K_crosses_D_line_Buy_CP_exit_after_20_days_m24/tp/Ticker/
CP,"Canadian Pacific Railway Limited",$231.50,586249,Buy,STOCH[5_1_3]_K_crosses_D_line,100.0%,4.58%,3.02%,3.87,16.00,29.6,https://arizet.com/quantumstocks/#v/pl/tk/CP/sn/STOCH[5_1_3]_K_crosses_D_line/sg/Buy/bk/STOCH[5_1_3]_K_crosses_D_line_Buy_CP_exit_after_20_days_m24/tp/Ticker/
CRVL,"CorVel Corp.",$80.35,71009,Buy,STOCHF[14_3]_K_crosses_D_line,100.0%,3.25%,3.34%,15.57,16.00,13.9,https://arizet.com/quantumstocks/#v/pl/tk/CRVL/sn/STOCHF[14_3]_K_crosses_D_line/sg/Buy/bk/STOCHF[14_3]_K_crosses_D_line_Buy_CRVL_1:3_ATR[20]_m24/tp/Ticker/
CRVL,"CorVel Corp.",$80.35,71009,Buy,STOCHF[21_3]_K_crosses_D_line,100.0%,3.30%,3.39%,16.19,16.00,12.8,https://arizet.com/quantumstocks/#v/pl/tk/CRVL/sn/STOCHF[21_3]_K_crosses_D_line/sg/Buy/bk/STOCHF[21_3]_K_crosses_D_line_Buy_CRVL_1:3_ATR[20]_m24/tp/Ticker/
DEO,"Diageo plc",$161.41,326542,Buy,CCI[40]_crosses_100_(-100)_levels,100.0%,1.16%,1.24%,16.99,16.00,10.1,https://arizet.com/quantumstocks/#v/pl/tk/DEO/sn/CCI[40]_crosses_100_(-100)_levels/sg/Buy/bk/CCI[40]_crosses_100_(-100)_levels_Buy_DEO_1:3_ATR[20]_m24/tp/Ticker/
DO,"Diamond Offshore Drilling, Inc.",$8.71,3497245,Buy,BBANDS[20_2_2]_breakout,100.0%,5.63%,5.23%,13.78,16.00,5.8,https://arizet.com/quantumstocks/#v/pl/tk/DO/sn/BBANDS[20_2_2]_breakout/sg/Buy/bk/BBANDS[20_2_2]_breakout_Sell_DO_1:3_ATR[20]_m24/tp/Ticker/
EEFT,"Euronet Worldwide, Inc.",$147.01,300260,Buy,STOCHF[14_3]_K_crosses_D_line,100.0%,6.67%,6.41%,5.66,16.00,29.1,https://arizet.com/quantumstocks/#v/pl/tk/EEFT/sn/STOCHF[14_3]_K_crosses_D_line/sg/Buy/bk/STOCHF[14_3]_K_crosses_D_line_Buy_EEFT_exit_after_20_days_m24/tp/Ticker/
EMKR,"EMCORE Corporation",$3.08,33577,Buy,WMA[100]_price_crossover,100.0%,4.25%,4.27%,42.37,16.00,10.4,https://arizet.com/quantumstocks/#v/pl/tk/EMKR/sn/WMA[100]_price_crossover/sg/Buy/bk/WMA[100]_price_crossover_Sell_EMKR_1:3_ATR[20]_m24/tp/Ticker/
EQM,"EQT Midstream Partners, LP",$31.70,1128197,Buy,BBANDS[10_2_2]_breakout,100.0%,2.70%,2.49%,17.25,24.00,5.3,https://arizet.com/quantumstocks/#v/pl/tk/EQM/sn/BBANDS[10_2_2]_breakout/sg/Buy/bk/BBANDS[10_2_2]_breakout_Sell_EQM_1:3_ATR[20]_m24/tp/Ticker/
EVER,"EverQuote, Inc.",$24.73,523152,Buy,ZIGZAGHL[3_3_0_10]_trend_follow,97.4%,21.32%,15.64%,8.47,39.00,28.9,https://arizet.com/quantumstocks/#v/pl/tk/EVER/sn/ZIGZAGHL[3_3_0_10]_trend_follow/sg/Buy/bk/ZIGZAGHL[3_3_0_10]_trend_follow_Buy_EVER_exit_after_20_days_m24/tp/Ticker/
EVER,"EverQuote, Inc.",$24.73,523152,Buy,ZIGZAGHL[5_15_0_7]_trend_follow,97.1%,22.88%,21.22%,8.55,35.00,28.9,https://arizet.com/quantumstocks/#v/pl/tk/EVER/sn/ZIGZAGHL[5_15_0_7]_trend_follow/sg/Buy/bk/ZIGZAGHL[5_15_0_7]_trend_follow_Buy_EVER_exit_after_20_days_m24/tp/Ticker/
FBMS,"The First Bancshares, Inc.",$33.79,58311,Buy,ZIGZAGHL[3_3_0_10]_trend_follow,97.2%,1.77%,1.99%,7.83,36.00,9.2,https://arizet.com/quantumstocks/#v/pl/tk/FBMS/sn/ZIGZAGHL[3_3_0_10]_trend_follow/sg/Buy/bk/ZIGZAGHL[3_3_0_10]_trend_follow_Buy_FBMS_1:3_ATR[20]_m24/tp/Ticker/
FLL,"Full House Resorts, Inc.",$2.00,46138,Buy,ADOSC[3_10]_crosses_0_level,100.0%,4.87%,4.42%,12.84,15.00,14.3,https://arizet.com/quantumstocks/#v/pl/tk/FLL/sn/ADOSC[3_10]_crosses_0_level/sg/Buy/bk/ADOSC[3_10]_crosses_0_level_Sell_FLL_1:3_ATR[20]_m24/tp/Ticker/
ADRO,"Aduro Biotech, Inc.",$1.35,215589,Buy,WMA[50]_price_crossover,100.0%,7.92%,7.74%,21.85,20.00,9.9,https://arizet.com/quantumstocks/#v/pl/tk/ADRO/sn/WMA[50]_price_crossover/sg/Buy/bk/WMA[50]_price_crossover_Sell_ADRO_1:3_ATR[20]_m24/tp/Ticker/
GPOR,"Gulfport Energy Corporation",$3.48,10385165,Buy,WMA[50]_price_crossover,97.1%,3.81%,4.45%,6.79,35.00,7.4,https://arizet.com/quantumstocks/#v/pl/tk/GPOR/sn/WMA[50]_price_crossover/sg/Buy/bk/WMA[50]_price_crossover_Sell_GPOR_1:3_ATR[20]_m24/tp/Ticker/
HES,"Hess Corporation",$70.29,6730322,Buy,MACD[10_20_5]_crosses_signal_line,100.0%,3.34%,3.10%,24.57,25.00,4.8,https://arizet.com/quantumstocks/#v/pl/tk/HES/sn/MACD[10_20_5]_crosses_signal_line/sg/Buy/bk/MACD[10_20_5]_crosses_signal_line_Buy_HES_1:3_ATR[20]_m24/tp/Ticker/
HE,"Hawaiian Electric Industries, Inc.",$44.30,265349,Buy,CMO[14]_crosses_0_level,100.0%,1.91%,1.50%,6.74,25.00,10.4,https://arizet.com/quantumstocks/#v/pl/tk/HE/sn/CMO[14]_crosses_0_level/sg/Buy/bk/CMO[14]_crosses_0_level_Buy_HE_1:3_ATR[20]_m24/tp/Ticker/
HE,"Hawaiian Electric Industries, Inc.",$44.30,265349,Buy,CMO[9]_crosses_0_level,100.0%,2.08%,1.45%,6.94,30.00,10.7,https://arizet.com/quantumstocks/#v/pl/tk/HE/sn/CMO[9]_crosses_0_level/sg/Buy/bk/CMO[9]_crosses_0_level_Buy_HE_1:3_ATR[20]_m24/tp/Ticker/
INFY,"Infosys Limited",$11.76,8330303,Buy,STOCHRSI[14_5_3]_D_crosses_50_level,97.8%,1.45%,1.62%,7.73,46.00,9.3,https://arizet.com/quantumstocks/#v/pl/tk/INFY/sn/STOCHRSI[14_5_3]_D_crosses_50_level/sg/Buy/bk/STOCHRSI[14_5_3]_D_crosses_50_level_Buy_INFY_1:3_ATR[20]_m24/tp/Ticker/
INFY,"Infosys Limited",$11.76,8330303,Buy,STOCHRSI[21_5_3]_D_crosses_50_level,97.8%,1.46%,1.63%,7.59,45.00,9.6,https://arizet.com/quantumstocks/#v/pl/tk/INFY/sn/STOCHRSI[21_5_3]_D_crosses_50_level/sg/Buy/bk/STOCHRSI[21_5_3]_D_crosses_50_level_Buy_INFY_1:3_ATR[20]_m24/tp/Ticker/
JCS,"Communications Systems, Inc.",$5.11,49512,Buy,ZIGZAGHL[5_15_0_7]_trend_follow,100.0%,16.97%,19.03%,6.74,17.00,28.6,https://arizet.com/quantumstocks/#v/pl/tk/JCS/sn/ZIGZAGHL[5_15_0_7]_trend_follow/sg/Buy/bk/ZIGZAGHL[5_15_0_7]_trend_follow_Buy_JCS_exit_after_20_days_m24/tp/Ticker/
KBR,"KBR, Inc.",$26.17,1111523,Buy,BBANDS[50_1_1]_breakout,100.0%,2.62%,2.60%,29.75,19.00,7.0,https://arizet.com/quantumstocks/#v/pl/tk/KBR/sn/BBANDS[50_1_1]_breakout/sg/Buy/bk/BBANDS[50_1_1]_breakout_Buy_KBR_1:3_ATR[20]_m24/tp/Ticker/
KFRC,"Kforce, Inc.",$34.46,110280,Buy,EMA[100]_price_crossover,100.0%,2.90%,2.63%,12.17,16.00,9.6,https://arizet.com/quantumstocks/#v/pl/tk/KFRC/sn/EMA[100]_price_crossover/sg/Buy/bk/EMA[100]_price_crossover_Buy_KFRC_1:3_ATR[20]_m24/tp/Ticker/
KOPN,"Kopin Corporation",$0.79,943994,Buy,STOCHF[14_3]_K_crosses_D_line,100.0%,11.64%,11.68%,5.75,15.00,28.4,https://arizet.com/quantumstocks/#v/pl/tk/KOPN/sn/STOCHF[14_3]_K_crosses_D_line/sg/Buy/bk/STOCHF[14_3]_K_crosses_D_line_Sell_KOPN_exit_after_20_days_m24/tp/Ticker/
LMT,"Lockheed Martin Corporation",$392.66,1685134,Buy,ACCBANDS[50]_breakout,100.0%,1.83%,1.59%,7.80,15.00,9.5,https://arizet.com/quantumstocks/#v/pl/tk/LMT/sn/ACCBANDS[50]_breakout/sg/Buy/bk/ACCBANDS[50]_breakout_Buy_LMT_1:3_ATR[20]_m24/tp/Ticker/
LPI,"Laredo Petroleum, Inc.",$3.06,14037917,Buy,CMO[21]_crosses_0_level,100.0%,5.49%,5.40%,19.88,21.00,8.1,https://arizet.com/quantumstocks/#v/pl/tk/LPI/sn/CMO[21]_crosses_0_level/sg/Buy/bk/CMO[21]_crosses_0_level_Sell_LPI_1:3_ATR[20]_m24/tp/Ticker/
MTZ,"MasTec, Inc.",$66.36,1012817,Buy,ZIGZAGHL[10_10_0_5]_trend_follow,97.2%,2.33%,2.58%,8.06,36.00,8.6,https://arizet.com/quantumstocks/#v/pl/tk/MTZ/sn/ZIGZAGHL[10_10_0_5]_trend_follow/sg/Buy/bk/ZIGZAGHL[10_10_0_5]_trend_follow_Buy_MTZ_1:3_ATR[20]_m24/tp/Ticker/
NOW,"ServiceNow, Inc.",$261.15,1175429,Buy,CCI[20]_crosses_back_100_(-100)_levels,100.0%,3.70%,3.19%,11.80,17.00,7.8,https://arizet.com/quantumstocks/#v/pl/tk/NOW/sn/CCI[20]_crosses_back_100_(-100)_levels/sg/Buy/bk/CCI[20]_crosses_back_100_(-100)_levels_Buy_NOW_1:2_ATR[20]_m24/tp/Ticker/
PFSW,"PFSweb, Inc.",$2.93,59564,Buy,CMO[21]_crosses_0_level,100.0%,4.58%,3.88%,13.54,27.00,9.6,https://arizet.com/quantumstocks/#v/pl/tk/PFSW/sn/CMO[21]_crosses_0_level/sg/Buy/bk/CMO[21]_crosses_0_level_Sell_PFSW_1:3_ATR[20]_m24/tp/Ticker/
PULS,"Pulse Electronics Corp.",$50.12,77973,Buy,SR[3]_breakout,98.5%,0.11%,0.11%,22.41,66.00,14.9,https://arizet.com/quantumstocks/#v/pl/tk/PULS/sn/SR[3]_breakout/sg/Buy/bk/SR[3]_breakout_Buy_PULS_3:2_ATR[20]_m24/tp/Ticker/
PULS,"Pulse Electronics Corp.",$50.12,77973,Buy,SR[5]_breakout,98.4%,0.11%,0.11%,20.79,61.00,14.7,https://arizet.com/quantumstocks/#v/pl/tk/PULS/sn/SR[5]_breakout/sg/Buy/bk/SR[5]_breakout_Buy_PULS_3:2_ATR[20]_m24/tp/Ticker/
QADA,"QAD Inc.",$43.72,82358,Buy,BBANDS[50_1_1]_breakout,100.0%,4.44%,4.72%,12.30,17.00,15.3,https://arizet.com/quantumstocks/#v/pl/tk/QADA/sn/BBANDS[50_1_1]_breakout/sg/Buy/bk/BBANDS[50_1_1]_breakout_Buy_QADA_2:3_ATR[20]_m24/tp/Ticker/
RESI,"FRONT YARD RESIDENTIAL CORP",$11.60,87458,Buy,SMA[50]_price_crossover,100.0%,2.90%,2.72%,15.86,15.00,7.3,https://arizet.com/quantumstocks/#v/pl/tk/RESI/sn/SMA[50]_price_crossover/sg/Buy/bk/SMA[50]_price_crossover_Sell_RESI_1:3_ATR[20]_m24/tp/Ticker/
RES,"RPC, Inc.",$6.75,6672558,Buy,SMA[50]_price_crossover,100.0%,4.27%,4.19%,24.69,15.00,6.3,https://arizet.com/quantumstocks/#v/pl/tk/RES/sn/SMA[50]_price_crossover/sg/Buy/bk/SMA[50]_price_crossover_Sell_RES_1:3_ATR[20]_m24/tp/Ticker/
RES,"RPC, Inc.",$6.75,6672558,Buy,TRIMA[50]_price_crossover,100.0%,3.95%,4.13%,17.70,21.00,9.4,https://arizet.com/quantumstocks/#v/pl/tk/RES/sn/TRIMA[50]_price_crossover/sg/Buy/bk/TRIMA[50]_price_crossover_Sell_RES_1:3_ATR[20]_m24/tp/Ticker/
RNG,"Ringcentral, Inc.",$126.37,592103,Buy,MFI[5]_crosses_back_70_30_levels,100.0%,3.50%,3.29%,14.06,23.00,11.2,https://arizet.com/quantumstocks/#v/pl/tk/RNG/sn/MFI[5]_crosses_back_70_30_levels/sg/Buy/bk/MFI[5]_crosses_back_70_30_levels_Buy_RNG_1:3_ATR[20]_m24/tp/Ticker/
SYNC,"Synacor, Inc.",$1.45,66939,Buy,TRIMA[50]_price_crossover,100.0%,5.39%,4.76%,11.68,18.00,8.9,https://arizet.com/quantumstocks/#v/pl/tk/SYNC/sn/TRIMA[50]_price_crossover/sg/Buy/bk/TRIMA[50]_price_crossover_Sell_SYNC_1:3_ATR[20]_m24/tp/Ticker/
TEO,"Telecom Argentina Stet - France Telecom S.A.",$9.78,423292,Buy,ZIGZAGHL[3_3_0_10]_mean_reversion,100.0%,5.33%,5.23%,41.54,18.00,6.9,https://arizet.com/quantumstocks/#v/pl/tk/TEO/sn/ZIGZAGHL[3_3_0_10]_mean_reversion/sg/Buy/bk/ZIGZAGHL[3_3_0_10]_mean_reversion_Buy_TEO_1:3_ATR[20]_m24/tp/Ticker/
VIRC,"Virco Manufacturing Corporation",$3.85,40888,Buy,CCI[40]_crosses_100_(-100)_levels,100.0%,3.90%,3.81%,22.28,16.00,7.7,https://arizet.com/quantumstocks/#v/pl/tk/VIRC/sn/CCI[40]_crosses_100_(-100)_levels/sg/Buy/bk/CCI[40]_crosses_100_(-100)_levels_Buy_VIRC_1:3_ATR[20]_m24/tp/Ticker/
VRTX,"Vertex Pharmaceuticals Incorporated",$177.55,947081,Buy,WMA[100]_price_crossover,100.0%,2.74%,2.59%,25.74,21.00,9.0,https://arizet.com/quantumstocks/#v/pl/tk/VRTX/sn/WMA[100]_price_crossover/sg/Buy/bk/WMA[100]_price_crossover_Sell_VRTX_1:3_ATR[20]_m24/tp/Ticker/
WEC,"WEC Energy Group, Inc.",$91.31,1193840,Buy,MFI[9]_crosses_70_30_levels,100.0%,2.05%,1.50%,5.98,16.00,10.1,https://arizet.com/quantumstocks/#v/pl/tk/WEC/sn/MFI[9]_crosses_70_30_levels/sg/Buy/bk/MFI[9]_crosses_70_30_levels_Buy_WEC_1:3_ATR[20]_m24/tp/Ticker/
WLL,"Whiting Petroleum Corporation",$11.23,56193679,Buy,WMA[50]_price_crossover,100.0%,5.55%,5.23%,12.13,22.00,6.0,https://arizet.com/quantumstocks/#v/pl/tk/WLL/sn/WMA[50]_price_crossover/sg/Buy/bk/WMA[50]_price_crossover_Buy_WLL_1:3_ATR[20]_m24/tp/Ticker/
BANF,"BancFirst Corporation",$58.03,41994,Sell,SR[20]_counter_trend,100.0%,2.50%,2.38%,24.18,18.00,8.1,https://arizet.com/quantumstocks/#v/pl/tk/BANF/sn/SR[20]_counter_trend/sg/Sell/bk/SR[20]_counter_trend_Buy_BANF_1:3_ATR[20]_m24/tp/Ticker/
DVA,"DaVita Inc.",$63.28,2770902,Sell,ZIGZAGHL[3_3_0_10]_mean_reversion,100.0%,11.35%,9.64%,5.72,16.00,28.7,https://arizet.com/quantumstocks/#v/pl/tk/DVA/sn/ZIGZAGHL[3_3_0_10]_mean_reversion/sg/Sell/bk/ZIGZAGHL[3_3_0_10]_mean_reversion_Buy_DVA_exit_after_20_days_m24/tp/Ticker/
ECL,"Ecolab Inc.",$192.11,1364068,Sell,EMA[100]_price_crossover,100.0%,4.27%,3.98%,7.47,15.00,28.5,https://arizet.com/quantumstocks/#v/pl/tk/ECL/sn/EMA[100]_price_crossover/sg/Sell/bk/EMA[100]_price_crossover_Buy_ECL_exit_after_20_days_m24/tp/Ticker/
ECL,"Ecolab Inc.",$192.11,1364068,Sell,SMA[100]_price_crossover,100.0%,3.53%,2.66%,5.62,16.00,21.4,https://arizet.com/quantumstocks/#v/pl/tk/ECL/sn/SMA[100]_price_crossover/sg/Sell/bk/SMA[100]_price_crossover_Buy_ECL_exit_after_15_days_m24/tp/Ticker/
APA,"Apache Corporation",$28.45,17759445,Sell,ZIGZAGHL[10_10_0_5]_mean_reversion,100.0%,3.42%,3.06%,12.87,38.00,7.8,https://arizet.com/quantumstocks/#v/pl/tk/APA/sn/ZIGZAGHL[10_10_0_5]_mean_reversion/sg/Sell/bk/ZIGZAGHL[10_10_0_5]_mean_reversion_Sell_APA_1:3_ATR[20]_m24/tp/Ticker/
EIGI,"Endurance International Group Holdings, Inc.",$4.57,2942255,Sell,TRIMA[50]_price_crossover,100.0%,4.16%,4.04%,14.22,22.00,11.1,https://arizet.com/quantumstocks/#v/pl/tk/EIGI/sn/TRIMA[50]_price_crossover/sg/Sell/bk/TRIMA[50]_price_crossover_Sell_EIGI_1:3_ATR[20]_m24/tp/Ticker/
BGG,"Briggs & Stratton Corporation",$6.58,911059,Sell,ZIGZAGHL[3_3_0_10]_mean_reversion,100.0%,4.65%,4.63%,30.64,16.00,8.9,https://arizet.com/quantumstocks/#v/pl/tk/BGG/sn/ZIGZAGHL[3_3_0_10]_mean_reversion/sg/Sell/bk/ZIGZAGHL[3_3_0_10]_mean_reversion_Sell_BGG_2:3_ATR[20]_m24/tp/Ticker/
EPM,"Evolution Petroleum Corporation, Inc.",$6.56,293391,Sell,BBANDS[50_1_1]_counter_trend,100.0%,3.94%,4.03%,29.44,25.00,8.4,https://arizet.com/quantumstocks/#v/pl/tk/EPM/sn/BBANDS[50_1_1]_counter_trend/sg/Sell/bk/BBANDS[50_1_1]_counter_trend_Buy_EPM_1:3_ATR[20]_m24/tp/Ticker/
BK,"The Bank of New York Mellon Corporation",$46.75,2809797,Sell,SR[20]_counter_trend,100.0%,2.23%,2.06%,9.15,16.00,11.9,https://arizet.com/quantumstocks/#v/pl/tk/BK/sn/SR[20]_counter_trend/sg/Sell/bk/SR[20]_counter_trend_Sell_BK_1:3_ATR[20]_m24/tp/Ticker/
ESRT,"Empire State Realty Trust, Inc.",$14.11,1879573,Sell,CCI[30]_crosses_back_100_(-100)_levels,100.0%,1.52%,1.46%,16.27,16.00,10.5,https://arizet.com/quantumstocks/#v/pl/tk/ESRT/sn/CCI[30]_crosses_back_100_(-100)_levels/sg/Sell/bk/CCI[30]_crosses_back_100_(-100)_levels_Sell_ESRT_1:3_ATR[20]_m24/tp/Ticker/
ESRT,"Empire State Realty Trust, Inc.",$14.11,1879573,Sell,MFI[7]_crosses_back_80_20_levels,100.0%,1.68%,1.72%,22.68,18.00,8.5,https://arizet.com/quantumstocks/#v/pl/tk/ESRT/sn/MFI[7]_crosses_back_80_20_levels/sg/Sell/bk/MFI[7]_crosses_back_80_20_levels_Sell_ESRT_1:3_ATR[20]_m24/tp/Ticker/
BLMN,"Bloomin' Brands, Inc.",$20.74,1172534,Sell,ZIGZAGHL[10_10_0_5]_mean_reversion,100.0%,2.95%,3.04%,47.76,15.00,6.7,https://arizet.com/quantumstocks/#v/pl/tk/BLMN/sn/ZIGZAGHL[10_10_0_5]_mean_reversion/sg/Sell/bk/ZIGZAGHL[10_10_0_5]_mean_reversion_Sell_BLMN_1:3_ATR[20]_m24/tp/Ticker/
BMI,"Badger Meter, Inc.",$52.76,215334,Sell,CMO[21]_crosses_0_level,100.0%,2.34%,2.30%,31.79,16.00,7.7,https://arizet.com/quantumstocks/#v/pl/tk/BMI/sn/CMO[21]_crosses_0_level/sg/Sell/bk/CMO[21]_crosses_0_level_Buy_BMI_1:3_ATR[20]_m24/tp/Ticker/
EW,"Edwards Lifesciences Corporation",$215.09,728218,Sell,WMA[50]_price_crossover,100.0%,2.41%,2.24%,16.06,17.00,5.6,https://arizet.com/quantumstocks/#v/pl/tk/EW/sn/WMA[50]_price_crossover/sg/Sell/bk/WMA[50]_price_crossover_Buy_EW_1:3_ATR[20]_m24/tp/Ticker/
EXPE,"Expedia Group, Inc.",$131.28,1264207,Sell,CCI[30]_crosses_back_100_(-100)_levels,100.0%,4.85%,4.89%,12.05,15.00,17.2,https://arizet.com/quantumstocks/#v/pl/tk/EXPE/sn/CCI[30]_crosses_back_100_(-100)_levels/sg/Sell/bk/CCI[30]_crosses_back_100_(-100)_levels_Buy_EXPE_2:3_ATR[20]_m24/tp/Ticker/
BMI,"Badger Meter, Inc.",$52.76,215334,Sell,MFI[7]_crosses_back_80_20_levels,100.0%,3.05%,2.40%,4.58,16.00,6.7,https://arizet.com/quantumstocks/#v/pl/tk/BMI/sn/MFI[7]_crosses_back_80_20_levels/sg/Sell/bk/MFI[7]_crosses_back_80_20_levels_Buy_BMI_1:3_ATR[20]_m24/tp/Ticker/
FCSC,"Fibrocell Science Inc",$2.93,715497,Sell,SR[10]_counter_trend,100.0%,7.96%,7.64%,14.70,15.00,8.3,https://arizet.com/quantumstocks/#v/pl/tk/FCSC/sn/SR[10]_counter_trend/sg/Sell/bk/SR[10]_counter_trend_Sell_FCSC_1:3_ATR[20]_m24/tp/Ticker/
BOOT,"Boot Barn Holdings, Inc.",$36.74,781017,Sell,RSI[7]_crosses_70_30_levels,100.0%,4.90%,4.90%,19.14,15.00,7.7,https://arizet.com/quantumstocks/#v/pl/tk/BOOT/sn/RSI[7]_crosses_70_30_levels/sg/Sell/bk/RSI[7]_crosses_70_30_levels_Buy_BOOT_1:3_ATR[20]_m24/tp/Ticker/
FMX,"Fomento Economico Mexicano S.A.B. de C.V.",$92.93,255617,Sell,CDLHARAMI_reversal,100.0%,2.33%,2.30%,34.23,15.00,8.0,https://arizet.com/quantumstocks/#v/pl/tk/FMX/sn/CDLHARAMI_reversal/sg/Sell/bk/CDLHARAMI_reversal_Sell_FMX_1:3_ATR[20]_m24/tp/Ticker/
FNLC,"First Bancorp, Inc (ME)",$27.52,11593,Sell,SR[20]_counter_trend,100.0%,2.59%,2.23%,16.82,17.00,6.5,https://arizet.com/quantumstocks/#v/pl/tk/FNLC/sn/SR[20]_counter_trend/sg/Sell/bk/SR[20]_counter_trend_Buy_FNLC_1:3_ATR[20]_m24/tp/Ticker/
FVE,"Five Star Quality Care, Inc.",$0.52,55566,Sell,SMA[50]_price_crossover,100.0%,6.33%,5.91%,13.54,16.00,12.9,https://arizet.com/quantumstocks/#v/pl/tk/FVE/sn/SMA[50]_price_crossover/sg/Sell/bk/SMA[50]_price_crossover_Sell_FVE_1:3_ATR[20]_m24/tp/Ticker/
F,"Ford Motor Company",$9.30,49448202,Sell,EMA[50]_price_crossover,100.0%,2.44%,2.38%,17.43,17.00,9.4,https://arizet.com/quantumstocks/#v/pl/tk/F/sn/EMA[50]_price_crossover/sg/Sell/bk/EMA[50]_price_crossover_Buy_F_1:3_ATR[20]_m24/tp/Ticker/
GEL,"Genesis Energy, L.P.",$22.98,1102682,Sell,ZIGZAGHL[3_3_0_10]_mean_reversion,100.0%,2.42%,2.49%,31.33,20.00,4.8,https://arizet.com/quantumstocks/#v/pl/tk/GEL/sn/ZIGZAGHL[3_3_0_10]_mean_reversion/sg/Sell/bk/ZIGZAGHL[3_3_0_10]_mean_reversion_Sell_GEL_1:3_ATR[20]_m24/tp/Ticker/
GGG,"Graco Inc.",$46.01,289248,Sell,CMO[21]_crosses_0_level,100.0%,2.13%,2.28%,30.62,27.00,8.8,https://arizet.com/quantumstocks/#v/pl/tk/GGG/sn/CMO[21]_crosses_0_level/sg/Sell/bk/CMO[21]_crosses_0_level_Buy_GGG_1:3_ATR[20]_m24/tp/Ticker/
BOOT,"Boot Barn Holdings, Inc.",$36.74,781017,Sell,STOCHF[14_3]_K_crosses_D_line,100.0%,5.35%,4.99%,17.46,25.00,9.4,https://arizet.com/quantumstocks/#v/pl/tk/BOOT/sn/STOCHF[14_3]_K_crosses_D_line/sg/Sell/bk/STOCHF[14_3]_K_crosses_D_line_Buy_BOOT_1:3_ATR[20]_m24/tp/Ticker/
GM,"General Motors Company",$37.21,15471032,Sell,SMA[20]_price_crossover,100.0%,3.26%,2.50%,5.46,15.00,7.1,https://arizet.com/quantumstocks/#v/pl/tk/GM/sn/SMA[20]_price_crossover/sg/Sell/bk/SMA[20]_price_crossover_Sell_GM_exit_after_5_days_m24/tp/Ticker/
GOGL,"Golden Ocean Group Limited",$6.48,260484,Sell,CCI[20]_crosses_back_100_(-100)_levels,100.0%,3.10%,3.01%,25.82,19.00,5.6,https://arizet.com/quantumstocks/#v/pl/tk/GOGL/sn/CCI[20]_crosses_back_100_(-100)_levels/sg/Sell/bk/CCI[20]_crosses_back_100_(-100)_levels_Sell_GOGL_1:3_ATR[20]_m24/tp/Ticker/
BRKR,"Bruker Corporation",$42.86,443946,Sell,CMO[9]_crosses_0_level,97.1%,2.33%,2.49%,8.35,34.00,8.1,https://arizet.com/quantumstocks/#v/pl/tk/BRKR/sn/CMO[9]_crosses_0_level/sg/Sell/bk/CMO[9]_crosses_0_level_Buy_BRKR_1:3_ATR[20]_m24/tp/Ticker/
GTLS,"Chart Industries, Inc.",$68.44,544789,Sell,RSI[7]_crosses_back_70_30_levels,100.0%,3.59%,3.45%,24.71,18.00,7.6,https://arizet.com/quantumstocks/#v/pl/tk/GTLS/sn/RSI[7]_crosses_back_70_30_levels/sg/Sell/bk/RSI[7]_crosses_back_70_30_levels_Buy_GTLS_1:3_ATR[20]_m24/tp/Ticker/
HA,"Hawaiian Holdings, Inc.",$28.06,703338,Sell,RSI[9]_crosses_back_70_30_levels,100.0%,4.33%,4.20%,17.82,15.00,8.8,https://arizet.com/quantumstocks/#v/pl/tk/HA/sn/RSI[9]_crosses_back_70_30_levels/sg/Sell/bk/RSI[9]_crosses_back_70_30_levels_Buy_HA_1:3_ATR[20]_m24/tp/Ticker/
BRKR,"Bruker Corporation",$42.86,443946,Sell,WMA[20]_price_crossover,97.4%,2.32%,2.40%,10.67,38.00,9.4,https://arizet.com/quantumstocks/#v/pl/tk/BRKR/sn/WMA[20]_price_crossover/sg/Sell/bk/WMA[20]_price_crossover_Buy_BRKR_1:3_ATR[20]_m24/tp/Ticker/
BRKR,"Bruker Corporation",$42.86,443946,Sell,WMA[50]_price_crossover,100.0%,2.64%,2.54%,26.40,16.00,7.3,https://arizet.com/quantumstocks/#v/pl/tk/BRKR/sn/WMA[50]_price_crossover/sg/Sell/bk/WMA[50]_price_crossover_Buy_BRKR_1:3_ATR[20]_m24/tp/Ticker/
BRKS,"Brooks Automation, Inc.",$37.75,461717,Sell,STOCH[14_2_5]_K_crosses_D_line,100.0%,4.80%,4.80%,22.58,20.00,8.3,https://arizet.com/quantumstocks/#v/pl/tk/BRKS/sn/STOCH[14_2_5]_K_crosses_D_line/sg/Sell/bk/STOCH[14_2_5]_K_crosses_D_line_Buy_BRKS_1:3_ATR[20]_m24/tp/Ticker/
AAN,"Aaron's,  Inc.",$60.91,530199,Sell,TRIMA[10]_price_crossover,100.0%,2.62%,2.74%,35.40,15.00,5.9,https://arizet.com/quantumstocks/#v/pl/tk/AAN/sn/TRIMA[10]_price_crossover/sg/Sell/bk/TRIMA[10]_price_crossover_Buy_AAN_1:3_ATR[20]_m24/tp/Ticker/
HPQ,"HP Inc.",$18.87,7798254,Sell,STOCHRSI[14_5_3]_D_crosses_50_level,97.3%,2.27%,2.14%,11.77,37.00,8.2,https://arizet.com/quantumstocks/#v/pl/tk/HPQ/sn/STOCHRSI[14_5_3]_D_crosses_50_level/sg/Sell/bk/STOCHRSI[14_5_3]_D_crosses_50_level_Buy_HPQ_1:3_ATR[20]_m24/tp/Ticker/
HPQ,"HP Inc.",$18.87,7798254,Sell,STOCHRSI[21_5_3]_D_crosses_50_level,97.2%,2.12%,2.11%,16.93,36.00,7.9,https://arizet.com/quantumstocks/#v/pl/tk/HPQ/sn/STOCHRSI[21_5_3]_D_crosses_50_level/sg/Sell/bk/STOCHRSI[21_5_3]_D_crosses_50_level_Buy_HPQ_1:3_ATR[20]_m24/tp/Ticker/
HTZ,"Hertz Global Holdings, Inc",$14.82,1934981,Sell,SR[20]_counter_trend,100.0%,14.28%,14.28%,5.91,15.00,43.4,https://arizet.com/quantumstocks/#v/pl/tk/HTZ/sn/SR[20]_counter_trend/sg/Sell/bk/SR[20]_counter_trend_Buy_Sell_HTZ_opsig_m24/tp/Ticker/
HUSA,"Houston American Energy Corporation",$0.22,3059655,Sell,MFI[7]_crosses_80_20_levels,100.0%,12.76%,11.23%,6.14,21.00,29.3,https://arizet.com/quantumstocks/#v/pl/tk/HUSA/sn/MFI[7]_crosses_80_20_levels/sg/Sell/bk/MFI[7]_crosses_80_20_levels_Sell_HUSA_exit_after_20_days_m24/tp/Ticker/
HUSA,"Houston American Energy Corporation",$0.22,3059655,Sell,MFI[9]_crosses_80_20_levels,100.0%,15.57%,15.98%,6.31,15.00,29.1,https://arizet.com/quantumstocks/#v/pl/tk/HUSA/sn/MFI[9]_crosses_80_20_levels/sg/Sell/bk/MFI[9]_crosses_80_20_levels_Sell_HUSA_exit_after_20_days_m24/tp/Ticker/
IDA,"IDACORP, Inc.",$108.12,323565,Sell,CDLENGULFING_long_reversal,100.0%,1.76%,1.57%,15.08,18.00,8.2,https://arizet.com/quantumstocks/#v/pl/tk/IDA/sn/CDLENGULFING_long_reversal/sg/Sell/bk/CDLENGULFING_long_reversal_Buy_IDA_1:3_ATR[20]_m24/tp/Ticker/
APD,"Air Products and Chemicals, Inc.",$215.24,881113,Sell,EMA[100]_price_crossover,100.0%,2.03%,2.04%,27.83,20.00,6.9,https://arizet.com/quantumstocks/#v/pl/tk/APD/sn/EMA[100]_price_crossover/sg/Sell/bk/EMA[100]_price_crossover_Buy_APD_1:3_ATR[20]_m24/tp/Ticker/
INTC,"Intel Corporation",$52.20,13000781,Sell,MFI[14]_crosses_back_70_30_levels,100.0%,2.46%,2.35%,18.06,15.00,7.7,https://arizet.com/quantumstocks/#v/pl/tk/INTC/sn/MFI[14]_crosses_back_70_30_levels/sg/Sell/bk/MFI[14]_crosses_back_70_30_levels_Buy_INTC_1:3_ATR[20]_m24/tp/Ticker/
IRDM,"Iridium Communications Inc",$25.22,1291964,Sell,MFI[9]_crosses_back_70_30_levels,100.0%,4.63%,4.17%,9.25,16.00,11.4,https://arizet.com/quantumstocks/#v/pl/tk/IRDM/sn/MFI[9]_crosses_back_70_30_levels/sg/Sell/bk/MFI[9]_crosses_back_70_30_levels_Buy_IRDM_1:3_ATR[20]_m24/tp/Ticker/
IVC,"Invacare Corporation",$7.12,506099,Sell,STOCHF[21_3]_K_crosses_D_line,100.0%,4.69%,3.50%,11.62,26.00,11.7,https://arizet.com/quantumstocks/#v/pl/tk/IVC/sn/STOCHF[21_3]_K_crosses_D_line/sg/Sell/bk/STOCHF[21_3]_K_crosses_D_line_Sell_IVC_1:3_ATR[20]_m24/tp/Ticker/
JCP,"J. C. Penney Company, Inc.",$0.94,12317027,Sell,CCI[20]_crosses_back_100_(-100)_levels,100.0%,7.12%,6.44%,8.96,15.00,10.2,https://arizet.com/quantumstocks/#v/pl/tk/JCP/sn/CCI[20]_crosses_back_100_(-100)_levels/sg/Sell/bk/CCI[20]_crosses_back_100_(-100)_levels_Sell_JCP_1:3_ATR[20]_m24/tp/Ticker/
JCS,"Communications Systems, Inc.",$5.11,49512,Sell,ZIGZAGHL[10_10_0_5]_mean_reversion,100.0%,7.31%,6.94%,23.57,15.00,12.7,https://arizet.com/quantumstocks/#v/pl/tk/JCS/sn/ZIGZAGHL[10_10_0_5]_mean_reversion/sg/Sell/bk/ZIGZAGHL[10_10_0_5]_mean_reversion_Buy_JCS_1:3_ATR[20]_m24/tp/Ticker/
CASY,"Casey's General Stores, Inc.",$163.81,406916,Sell,CMO[14]_crosses_0_level,100.0%,2.38%,2.14%,10.47,23.00,6.5,https://arizet.com/quantumstocks/#v/pl/tk/CASY/sn/CMO[14]_crosses_0_level/sg/Sell/bk/CMO[14]_crosses_0_level_Buy_CASY_1:3_ATR[20]_m24/tp/Ticker/
CASY,"Casey's General Stores, Inc.",$163.81,406916,Sell,CMO[21]_crosses_0_level,100.0%,2.54%,2.30%,8.05,16.00,6.4,https://arizet.com/quantumstocks/#v/pl/tk/CASY/sn/CMO[21]_crosses_0_level/sg/Sell/bk/CMO[21]_crosses_0_level_Buy_CASY_1:3_ATR[20]_m24/tp/Ticker/
KE,"Kimball Electronics, Inc.",$15.92,76033,Sell,ZIGZAGHL[10_10_0_5]_mean_reversion,100.0%,6.21%,6.74%,13.60,17.00,12.3,https://arizet.com/quantumstocks/#v/pl/tk/KE/sn/ZIGZAGHL[10_10_0_5]_mean_reversion/sg/Sell/bk/ZIGZAGHL[10_10_0_5]_mean_reversion_Buy_KE_2:3_ATR[20]_m24/tp/Ticker/
CASY,"Casey's General Stores, Inc.",$163.81,406916,Sell,WMA[50]_price_crossover,100.0%,2.54%,2.31%,8.55,17.00,7.4,https://arizet.com/quantumstocks/#v/pl/tk/CASY/sn/WMA[50]_price_crossover/sg/Sell/bk/WMA[50]_price_crossover_Buy_CASY_1:3_ATR[20]_m24/tp/Ticker/
CBU,"Community Bank System, Inc.",$64.99,209359,Sell,MFI[7]_crosses_back_80_20_levels,100.0%,2.23%,2.28%,20.28,15.00,7.2,https://arizet.com/quantumstocks/#v/pl/tk/CBU/sn/MFI[7]_crosses_back_80_20_levels/sg/Sell/bk/MFI[7]_crosses_back_80_20_levels_Buy_CBU_1:3_ATR[20]_m24/tp/Ticker/
KOS,"Kosmos Energy Ltd.",$6.88,9632257,Sell,ZIGZAGHL[3_3_0_10]_mean_reversion,100.0%,3.83%,3.58%,13.91,22.00,12.4,https://arizet.com/quantumstocks/#v/pl/tk/KOS/sn/ZIGZAGHL[3_3_0_10]_mean_reversion/sg/Sell/bk/ZIGZAGHL[3_3_0_10]_mean_reversion_Sell_KOS_1:3_ATR[20]_m24/tp/Ticker/
KOS,"Kosmos Energy Ltd.",$6.88,9632257,Sell,ZIGZAGHL[5_15_0_7]_mean_reversion,100.0%,3.83%,3.58%,13.91,22.00,12.4,https://arizet.com/quantumstocks/#v/pl/tk/KOS/sn/ZIGZAGHL[5_15_0_7]_mean_reversion/sg/Sell/bk/ZIGZAGHL[5_15_0_7]_mean_reversion_Sell_KOS_1:3_ATR[20]_m24/tp/Ticker/
KRG,"Kite Realty Group Trust",$15.86,348406,Sell,CCI[40]_crosses_back_100_(-100)_levels,100.0%,4.36%,4.26%,16.74,18.00,13.9,https://arizet.com/quantumstocks/#v/pl/tk/KRG/sn/CCI[40]_crosses_back_100_(-100)_levels/sg/Sell/bk/CCI[40]_crosses_back_100_(-100)_levels_Sell_KRG_2:3_ATR[20]_m24/tp/Ticker/
KSU,"Kansas City Southern",$132.75,782583,Sell,ZIGZAGHL[3_3_0_10]_mean_reversion,100.0%,2.07%,1.90%,17.59,19.00,7.3,https://arizet.com/quantumstocks/#v/pl/tk/KSU/sn/ZIGZAGHL[3_3_0_10]_mean_reversion/sg/Sell/bk/ZIGZAGHL[3_3_0_10]_mean_reversion_Sell_KSU_1:3_ATR[20]_m24/tp/Ticker/
KSU,"Kansas City Southern",$132.75,782583,Sell,ZIGZAGHL[5_15_0_7]_mean_reversion,100.0%,2.07%,1.90%,17.59,19.00,7.3,https://arizet.com/quantumstocks/#v/pl/tk/KSU/sn/ZIGZAGHL[5_15_0_7]_mean_reversion/sg/Sell/bk/ZIGZAGHL[5_15_0_7]_mean_reversion_Sell_KSU_1:3_ATR[20]_m24/tp/Ticker/
LADR,"Ladder Capital Corp",$17.07,551888,Sell,CCI[20]_crosses_back_100_(-100)_levels,100.0%,2.41%,2.48%,8.33,15.00,17.8,https://arizet.com/quantumstocks/#v/pl/tk/LADR/sn/CCI[20]_crosses_back_100_(-100)_levels/sg/Sell/bk/CCI[20]_crosses_back_100_(-100)_levels_Buy_LADR_2:3_ATR[20]_m24/tp/Ticker/
LAWS,"Lawson Products, Inc.",$41.52,17503,Sell,RSI[7]_crosses_70_30_levels,100.0%,3.51%,3.65%,23.20,17.00,3.8,https://arizet.com/quantumstocks/#v/pl/tk/LAWS/sn/RSI[7]_crosses_70_30_levels/sg/Sell/bk/RSI[7]_crosses_70_30_levels_Buy_LAWS_1:3_ATR[20]_m24/tp/Ticker/
CECO,"Career Education Corporation",$19.05,299450,Sell,BBANDS[50_1_1]_breakout,100.0%,2.78%,2.65%,26.46,15.00,8.5,https://arizet.com/quantumstocks/#v/pl/tk/CECO/sn/BBANDS[50_1_1]_breakout/sg/Sell/bk/BBANDS[50_1_1]_breakout_Buy_CECO_1:3_ATR[20]_m24/tp/Ticker/
AP,"Ampco-Pittsburgh Corporation",$3.86,46707,Sell,RSI[5]_crosses_back_70_30_levels,100.0%,13.76%,12.88%,6.44,18.00,28.6,https://arizet.com/quantumstocks/#v/pl/tk/AP/sn/RSI[5]_crosses_back_70_30_levels/sg/Sell/bk/RSI[5]_crosses_back_70_30_levels_Sell_AP_exit_after_20_days_m24/tp/Ticker/
MAS,"Masco Corporation",$42.72,2796265,Sell,RSI[7]_crosses_back_70_30_levels,100.0%,2.55%,2.36%,16.96,15.00,6.8,https://arizet.com/quantumstocks/#v/pl/tk/MAS/sn/RSI[7]_crosses_back_70_30_levels/sg/Sell/bk/RSI[7]_crosses_back_70_30_levels_Buy_MAS_1:3_ATR[20]_m24/tp/Ticker/
MCRI,"Monarch Casino & Resort, Inc.",$45.99,20556,Sell,STOCHF[21_3]_K_crosses_D_line,100.0%,2.95%,2.75%,18.09,16.00,6.7,https://arizet.com/quantumstocks/#v/pl/tk/MCRI/sn/STOCHF[21_3]_K_crosses_D_line/sg/Sell/bk/STOCHF[21_3]_K_crosses_D_line_Buy_MCRI_1:3_ATR[20]_m24/tp/Ticker/
MMLP,"Martin Midstream Partners L.P.",$4.82,343108,Sell,ZIGZAGHL[10_10_0_5]_mean_reversion,100.0%,5.44%,5.97%,13.19,17.00,11.4,https://arizet.com/quantumstocks/#v/pl/tk/MMLP/sn/ZIGZAGHL[10_10_0_5]_mean_reversion/sg/Sell/bk/ZIGZAGHL[10_10_0_5]_mean_reversion_Sell_MMLP_2:3_ATR[20]_m24/tp/Ticker/
MNRO,"Monro Muffler Brake, Inc.",$75.29,205584,Sell,MACD[12_26_9]_crosses_signal_line,100.0%,3.13%,3.17%,23.04,17.00,8.4,https://arizet.com/quantumstocks/#v/pl/tk/MNRO/sn/MACD[12_26_9]_crosses_signal_line/sg/Sell/bk/MACD[12_26_9]_crosses_signal_line_Buy_MNRO_1:3_ATR[20]_m24/tp/Ticker/
MPX,"Marine Products Corporation",$15.09,20842,Sell,CCI[40]_crosses_back_100_(-100)_levels,100.0%,4.37%,3.93%,18.37,15.00,9.4,https://arizet.com/quantumstocks/#v/pl/tk/MPX/sn/CCI[40]_crosses_back_100_(-100)_levels/sg/Sell/bk/CCI[40]_crosses_back_100_(-100)_levels_Buy_MPX_1:3_ATR[20]_m24/tp/Ticker/
ABIL,"Ability Inc.",$0.61,220641,Sell,GAP[OC]_5_percent_breakaway,100.0%,13.80%,12.22%,8.36,17.00,16.5,https://arizet.com/quantumstocks/#v/pl/tk/ABIL/sn/GAP[OC]_5_percent_breakaway/sg/Sell/bk/GAP[OC]_5_percent_breakaway_Sell_ABIL_1:3_ATR[20]_m24/tp/Ticker/
NDAQ,"Nasdaq, Inc.",$99.28,605697,Sell,TRIMA[20]_price_crossover,100.0%,1.79%,1.90%,17.49,21.00,8.7,https://arizet.com/quantumstocks/#v/pl/tk/NDAQ/sn/TRIMA[20]_price_crossover/sg/Sell/bk/TRIMA[20]_price_crossover_Buy_NDAQ_1:3_ATR[20]_m24/tp/Ticker/
NE,"Noble Corporation",$1.87,13971344,Sell,ZIGZAGHL[3_3_0_10]_mean_reversion,100.0%,13.49%,10.37%,6.98,19.00,29.0,https://arizet.com/quantumstocks/#v/pl/tk/NE/sn/ZIGZAGHL[3_3_0_10]_mean_reversion/sg/Sell/bk/ZIGZAGHL[3_3_0_10]_mean_reversion_Sell_NE_exit_after_20_days_m24/tp/Ticker/
NE,"Noble Corporation",$1.87,13971344,Sell,ZIGZAGHL[5_15_0_7]_mean_reversion,100.0%,14.15%,11.45%,6.74,17.00,29.1,https://arizet.com/quantumstocks/#v/pl/tk/NE/sn/ZIGZAGHL[5_15_0_7]_mean_reversion/sg/Sell/bk/ZIGZAGHL[5_15_0_7]_mean_reversion_Sell_NE_exit_after_20_days_m24/tp/Ticker/
ASTE,"Astec Industries, Inc.",$32.54,72670,Sell,ZIGZAGHL[10_10_0_5]_mean_reversion,100.0%,9.83%,10.28%,16.44,22.00,18.9,https://arizet.com/quantumstocks/#v/pl/tk/ASTE/sn/ZIGZAGHL[10_10_0_5]_mean_reversion/sg/Sell/bk/ZIGZAGHL[10_10_0_5]_mean_reversion_Buy_ASTE_2:3_ATR[20]_m24/tp/Ticker/
NTCT,"NetScout Systems, Inc.",$24.28,538050,Sell,MFI[7]_crosses_back_80_20_levels,100.0%,2.90%,2.75%,21.70,16.00,8.5,https://arizet.com/quantumstocks/#v/pl/tk/NTCT/sn/MFI[7]_crosses_back_80_20_levels/sg/Sell/bk/MFI[7]_crosses_back_80_20_levels_Sell_NTCT_1:3_ATR[20]_m24/tp/Ticker/
OII,"Oceaneering International, Inc.",$15.58,1561105,Sell,ACCBANDS[20]_counter_trend,100.0%,4.02%,3.63%,13.51,17.00,10.4,https://arizet.com/quantumstocks/#v/pl/tk/OII/sn/ACCBANDS[20]_counter_trend/sg/Sell/bk/ACCBANDS[20]_counter_trend_Sell_OII_1:3_ATR[20]_m24/tp/Ticker/
OKE,"ONEOK, Inc.",$75.83,2793035,Sell,STOCHF[14_3]_K_crosses_D_line,100.0%,2.06%,1.81%,13.22,21.00,7.3,https://arizet.com/quantumstocks/#v/pl/tk/OKE/sn/STOCHF[14_3]_K_crosses_D_line/sg/Sell/bk/STOCHF[14_3]_K_crosses_D_line_Buy_OKE_1:3_ATR[20]_m24/tp/Ticker/
OKE,"ONEOK, Inc.",$75.83,2793035,Sell,STOCHF[21_3]_K_crosses_D_line,100.0%,2.06%,1.81%,13.32,21.00,7.7,https://arizet.com/quantumstocks/#v/pl/tk/OKE/sn/STOCHF[21_3]_K_crosses_D_line/sg/Sell/bk/STOCHF[21_3]_K_crosses_D_line_Buy_OKE_1:3_ATR[20]_m24/tp/Ticker/
PCYO,"Pure Cycle Corporation",$11.03,36498,Sell,CCI[40]_crosses_back_100_(-100)_levels,100.0%,3.68%,3.53%,16.12,15.00,7.3,https://arizet.com/quantumstocks/#v/pl/tk/PCYO/sn/CCI[40]_crosses_back_100_(-100)_levels/sg/Sell/bk/CCI[40]_crosses_back_100_(-100)_levels_Buy_PCYO_1:3_ATR[20]_m24/tp/Ticker/
PE,"Parsley Energy, Inc.",$19.86,10061400,Sell,ZIGZAGHL[10_10_0_5]_mean_reversion,100.0%,3.52%,3.51%,27.30,25.00,8.4,https://arizet.com/quantumstocks/#v/pl/tk/PE/sn/ZIGZAGHL[10_10_0_5]_mean_reversion/sg/Sell/bk/ZIGZAGHL[10_10_0_5]_mean_reversion_Sell_PE_1:3_ATR[20]_m24/tp/Ticker/
ATLO,"Ames National Corporation",$28.02,21191,Sell,MFI[7]_crosses_back_80_20_levels,100.0%,2.57%,2.61%,26.70,15.00,8.7,https://arizet.com/quantumstocks/#v/pl/tk/ATLO/sn/MFI[7]_crosses_back_80_20_levels/sg/Sell/bk/MFI[7]_crosses_back_80_20_levels_Buy_ATLO_1:3_ATR[20]_m24/tp/Ticker/
PKOH,"Park-Ohio Holdings Corp.",$32.81,25519,Sell,ZIGZAGHL[10_10_0_5]_mean_reversion,100.0%,4.64%,4.26%,21.23,18.00,5.9,https://arizet.com/quantumstocks/#v/pl/tk/PKOH/sn/ZIGZAGHL[10_10_0_5]_mean_reversion/sg/Sell/bk/ZIGZAGHL[10_10_0_5]_mean_reversion_Buy_PKOH_1:3_ATR[20]_m24/tp/Ticker/
PMT,"PennyMac Mortgage Investment Trust",$21.87,671349,Sell,WMA[50]_price_crossover,100.0%,3.85%,3.12%,5.28,15.00,29.0,https://arizet.com/quantumstocks/#v/pl/tk/PMT/sn/WMA[50]_price_crossover/sg/Sell/bk/WMA[50]_price_crossover_Buy_PMT_exit_after_20_days_m24/tp/Ticker/
PSEC,"Prospect Capital Corporation",$6.65,1284611,Sell,CCI[30]_crosses_back_100_(-100)_levels,100.0%,4.78%,1.92%,3.71,15.00,21.7,https://arizet.com/quantumstocks/#v/pl/tk/PSEC/sn/CCI[30]_crosses_back_100_(-100)_levels/sg/Sell/bk/CCI[30]_crosses_back_100_(-100)_levels_Buy_PSEC_exit_after_15_days_m24/tp/Ticker/
PSEC,"Prospect Capital Corporation",$6.65,1284611,Sell,CCI[40]_crosses_back_100_(-100)_levels,100.0%,1.82%,1.61%,13.70,15.00,5.7,https://arizet.com/quantumstocks/#v/pl/tk/PSEC/sn/CCI[40]_crosses_back_100_(-100)_levels/sg/Sell/bk/CCI[40]_crosses_back_100_(-100)_levels_Buy_PSEC_1:3_ATR[20]_m24/tp/Ticker/
ATNI,"ATN International, Inc.",$60.84,40931,Sell,RSI[5]_crosses_back_80_20_levels,100.0%,3.75%,3.62%,11.61,15.00,13.3,https://arizet.com/quantumstocks/#v/pl/tk/ATNI/sn/RSI[5]_crosses_back_80_20_levels/sg/Sell/bk/RSI[5]_crosses_back_80_20_levels_Buy_ATNI_1:3_ATR[20]_m24/tp/Ticker/
CPF,"CPB Inc.",$29.04,109972,Sell,CCI[40]_crosses_back_100_(-100)_levels,100.0%,1.91%,1.81%,30.63,16.00,7.9,https://arizet.com/quantumstocks/#v/pl/tk/CPF/sn/CCI[40]_crosses_back_100_(-100)_levels/sg/Sell/bk/CCI[40]_crosses_back_100_(-100)_levels_Sell_CPF_1:3_ATR[20]_m24/tp/Ticker/
PZN,"Pzena Investment Management Inc",$9.83,71878,Sell,ZIGZAGHL[10_10_0_5]_mean_reversion,100.0%,12.89%,13.92%,12.85,15.00,28.5,https://arizet.com/quantumstocks/#v/pl/tk/PZN/sn/ZIGZAGHL[10_10_0_5]_mean_reversion/sg/Sell/bk/ZIGZAGHL[10_10_0_5]_mean_reversion_Sell_PZN_exit_after_20_days_m24/tp/Ticker/
CPS,"Cooper-Standard Holdings Inc.",$47.03,185542,Sell,STOCH[21_3_7]_K_crosses_D_line,100.0%,2.97%,2.46%,11.52,15.00,7.0,https://arizet.com/quantumstocks/#v/pl/tk/CPS/sn/STOCH[21_3_7]_K_crosses_D_line/sg/Sell/bk/STOCH[21_3_7]_K_crosses_D_line_Sell_CPS_1:3_ATR[20]_m24/tp/Ticker/
ACHC,"Acadia Healthcare Company, Inc.",$32.79,733237,Sell,ZIGZAGHL[10_10_0_5]_mean_reversion,100.0%,9.72%,10.17%,11.81,16.00,14.4,https://arizet.com/quantumstocks/#v/pl/tk/ACHC/sn/ZIGZAGHL[10_10_0_5]_mean_reversion/sg/Sell/bk/ZIGZAGHL[10_10_0_5]_mean_reversion_Buy_ACHC_2:3_ATR[20]_m24/tp/Ticker/
ATRA,"Atara Biotherapeutics, Inc.",$14.99,1175747,Sell,CCI[30]_crosses_back_100_(-100)_levels,100.0%,5.82%,5.30%,22.67,17.00,10.7,https://arizet.com/quantumstocks/#v/pl/tk/ATRA/sn/CCI[30]_crosses_back_100_(-100)_levels/sg/Sell/bk/CCI[30]_crosses_back_100_(-100)_levels_Sell_ATRA_1:3_ATR[20]_m24/tp/Ticker/
ACNB,"ACNB Corporation",$35.40,10115,Sell,MFI[14]_crosses_70_30_levels,100.0%,2.63%,2.59%,13.08,17.00,9.0,https://arizet.com/quantumstocks/#v/pl/tk/ACNB/sn/MFI[14]_crosses_70_30_levels/sg/Sell/bk/MFI[14]_crosses_70_30_levels_Buy_ACNB_1:3_ATR[20]_m24/tp/Ticker/
RMD,"ResMed Inc.",$130.71,570480,Sell,CMO[21]_crosses_0_level,100.0%,2.76%,1.98%,5.04,21.00,9.3,https://arizet.com/quantumstocks/#v/pl/tk/RMD/sn/CMO[21]_crosses_0_level/sg/Sell/bk/CMO[21]_crosses_0_level_Buy_RMD_1:3_ATR[20]_m24/tp/Ticker/
RMD,"ResMed Inc.",$130.71,570480,Sell,TRIMA[50]_price_crossover,100.0%,1.99%,2.00%,20.94,15.00,5.5,https://arizet.com/quantumstocks/#v/pl/tk/RMD/sn/TRIMA[50]_price_crossover/sg/Sell/bk/TRIMA[50]_price_crossover_Buy_RMD_1:3_ATR[20]_m24/tp/Ticker/
AAL,"American Airlines Group Inc.",$27.77,15202261,Sell,SMA[50]_price_crossover,100.0%,3.29%,2.85%,12.04,18.00,9.3,https://arizet.com/quantumstocks/#v/pl/tk/AAL/sn/SMA[50]_price_crossover/sg/Sell/bk/SMA[50]_price_crossover_Buy_AAL_1:3_ATR[20]_m24/tp/Ticker/
RRGB,"Red Robin Gourmet Burgers, Inc.",$35.25,352981,Sell,ZIGZAGHL[10_10_0_5]_mean_reversion,100.0%,11.40%,6.75%,5.51,22.00,22.1,https://arizet.com/quantumstocks/#v/pl/tk/RRGB/sn/ZIGZAGHL[10_10_0_5]_mean_reversion/sg/Sell/bk/ZIGZAGHL[10_10_0_5]_mean_reversion_Sell_RRGB_exit_after_15_days_m24/tp/Ticker/
RRGB,"Red Robin Gourmet Burgers, Inc.",$35.25,352981,Sell,ZIGZAGHL[3_3_0_10]_mean_reversion,100.0%,6.78%,6.48%,20.14,18.00,16.2,https://arizet.com/quantumstocks/#v/pl/tk/RRGB/sn/ZIGZAGHL[3_3_0_10]_mean_reversion/sg/Sell/bk/ZIGZAGHL[3_3_0_10]_mean_reversion_Sell_RRGB_2:3_ATR[20]_m24/tp/Ticker/
SAN,"Banco Santander, S.A.",$4.10,8739466,Sell,STOCH[14_2_5]_K_crosses_D_line,100.0%,1.91%,1.95%,16.88,16.00,10.3,https://arizet.com/quantumstocks/#v/pl/tk/SAN/sn/STOCH[14_2_5]_K_crosses_D_line/sg/Sell/bk/STOCH[14_2_5]_K_crosses_D_line_Sell_SAN_1:3_ATR[20]_m24/tp/Ticker/
SBLK,"Star Bulk Carriers Corp.",$10.90,403902,Sell,STOCH[14_2_5]_K_crosses_D_line,100.0%,5.18%,4.95%,14.52,16.00,12.4,https://arizet.com/quantumstocks/#v/pl/tk/SBLK/sn/STOCH[14_2_5]_K_crosses_D_line/sg/Sell/bk/STOCH[14_2_5]_K_crosses_D_line_Buy_SBLK_1:3_ATR[20]_m24/tp/Ticker/
SBUX,"Starbucks Corporation",$89.42,5870724,Sell,ACCBANDS[50]_breakout,100.0%,1.56%,1.48%,27.54,18.00,7.3,https://arizet.com/quantumstocks/#v/pl/tk/SBUX/sn/ACCBANDS[50]_breakout/sg/Sell/bk/ACCBANDS[50]_breakout_Buy_SBUX_1:3_ATR[20]_m24/tp/Ticker/
SCOR,"comScore, Inc.",$2.26,560691,Sell,BBANDS[5_1_1]_breakout,97.4%,5.12%,5.02%,7.15,39.00,6.5,https://arizet.com/quantumstocks/#v/pl/tk/SCOR/sn/BBANDS[5_1_1]_breakout/sg/Sell/bk/BBANDS[5_1_1]_breakout_Sell_SCOR_1:3_ATR[20]_m24/tp/Ticker/
SCS,"Steelcase Inc.",$16.76,333861,Sell,SR[20]_counter_trend,100.0%,3.01%,2.97%,45.55,17.00,10.0,https://arizet.com/quantumstocks/#v/pl/tk/SCS/sn/SR[20]_counter_trend/sg/Sell/bk/SR[20]_counter_trend_Buy_SCS_1:3_ATR[20]_m24/tp/Ticker/
SFL,"Ship Finance International Limited",$14.24,690075,Sell,CCI[20]_crosses_back_100_(-100)_levels,100.0%,2.03%,2.11%,14.74,18.00,8.6,https://arizet.com/quantumstocks/#v/pl/tk/SFL/sn/CCI[20]_crosses_back_100_(-100)_levels/sg/Sell/bk/CCI[20]_crosses_back_100_(-100)_levels_Buy_SFL_1:3_ATR[20]_m24/tp/Ticker/
SHOO,"Steven Madden, Ltd.",$35.48,529818,Sell,CCI[20]_crosses_back_100_(-100)_levels,100.0%,3.09%,2.91%,12.98,21.00,8.5,https://arizet.com/quantumstocks/#v/pl/tk/SHOO/sn/CCI[20]_crosses_back_100_(-100)_levels/sg/Sell/bk/CCI[20]_crosses_back_100_(-100)_levels_Buy_SHOO_1:3_ATR[20]_m24/tp/Ticker/
SMIT,"Schmitt Industries, Inc.",$2.20,20100,Sell,RSI[7]_crosses_70_30_levels,100.0%,5.67%,4.61%,6.01,16.00,4.5,https://arizet.com/quantumstocks/#v/pl/tk/SMIT/sn/RSI[7]_crosses_70_30_levels/sg/Sell/bk/RSI[7]_crosses_70_30_levels_Sell_SMIT_exit_after_3_days_m24/tp/Ticker/
SPLK,"Splunk Inc.",$114.82,1337487,Sell,MFI[9]_crosses_70_30_levels,100.0%,3.92%,3.83%,15.57,17.00,7.1,https://arizet.com/quantumstocks/#v/pl/tk/SPLK/sn/MFI[9]_crosses_70_30_levels/sg/Sell/bk/MFI[9]_crosses_70_30_levels_Buy_SPLK_1:3_ATR[20]_m24/tp/Ticker/
SPOK,"Spok Holdings, Inc.",$12.34,77981,Sell,RSI[7]_crosses_back_70_30_levels,100.0%,5.44%,5.44%,16.86,17.00,13.6,https://arizet.com/quantumstocks/#v/pl/tk/SPOK/sn/RSI[7]_crosses_back_70_30_levels/sg/Sell/bk/RSI[7]_crosses_back_70_30_levels_Sell_SPOK_2:3_ATR[20]_m24/tp/Ticker/
AAON,"AAON, Inc.",$50.70,113977,Sell,CCI[10]_crosses_back_100_(-100)_levels,100.0%,2.88%,2.62%,24.76,25.00,8.9,https://arizet.com/quantumstocks/#v/pl/tk/AAON/sn/CCI[10]_crosses_back_100_(-100)_levels/sg/Sell/bk/CCI[10]_crosses_back_100_(-100)_levels_Buy_AAON_1:3_ATR[20]_m24/tp/Ticker/
TDOC,"Teladoc Health, Inc.",$68.16,1032468,Sell,RSI[7]_crosses_back_70_30_levels,100.0%,5.58%,5.15%,16.22,15.00,9.1,https://arizet.com/quantumstocks/#v/pl/tk/TDOC/sn/RSI[7]_crosses_back_70_30_levels/sg/Sell/bk/RSI[7]_crosses_back_70_30_levels_Buy_TDOC_1:3_ATR[20]_m24/tp/Ticker/
TDS,"Telephone and Data Systems, Inc.",$26.60,540206,Sell,CCI[20]_crosses_back_100_(-100)_levels,100.0%,2.76%,2.50%,17.51,23.00,8.2,https://arizet.com/quantumstocks/#v/pl/tk/TDS/sn/CCI[20]_crosses_back_100_(-100)_levels/sg/Sell/bk/CCI[20]_crosses_back_100_(-100)_levels_Buy_TDS_1:3_ATR[20]_m24/tp/Ticker/
TRGP,"Targa Resources, Inc.",$43.27,5331769,Sell,BBANDS[20_2_2]_counter_trend,100.0%,2.43%,2.34%,27.44,17.00,6.4,https://arizet.com/quantumstocks/#v/pl/tk/TRGP/sn/BBANDS[20_2_2]_counter_trend/sg/Sell/bk/BBANDS[20_2_2]_counter_trend_Sell_TRGP_1:3_ATR[20]_m24/tp/Ticker/
T,"AT&T Inc.",$37.31,37988828,Sell,RSI[7]_crosses_back_70_30_levels,100.0%,1.91%,1.80%,20.62,16.00,6.9,https://arizet.com/quantumstocks/#v/pl/tk/T/sn/RSI[7]_crosses_back_70_30_levels/sg/Sell/bk/RSI[7]_crosses_back_70_30_levels_Buy_T_1:3_ATR[20]_m24/tp/Ticker/
T,"AT&T Inc.",$37.31,37988828,Sell,RSI[9]_crosses_back_70_30_levels,100.0%,3.21%,1.66%,4.14,22.00,14.5,https://arizet.com/quantumstocks/#v/pl/tk/T/sn/RSI[9]_crosses_back_70_30_levels/sg/Sell/bk/RSI[9]_crosses_back_70_30_levels_Sell_T_1:3_ATR[20]_m24/tp/Ticker/
T,"AT&T Inc.",$37.31,37988828,Sell,STOCH[14_2_5]_K_crosses_D_line,100.0%,3.44%,3.75%,11.05,15.00,14.7,https://arizet.com/quantumstocks/#v/pl/tk/T/sn/STOCH[14_2_5]_K_crosses_D_line/sg/Sell/bk/STOCH[14_2_5]_K_crosses_D_line_Buy_T_2:3_ATR[20]_m24/tp/Ticker/
UNT,"Unit Corporation",$4.54,2113789,Sell,ZIGZAGHL[10_10_0_5]_mean_reversion,100.0%,12.45%,12.25%,10.98,26.00,28.9,https://arizet.com/quantumstocks/#v/pl/tk/UNT/sn/ZIGZAGHL[10_10_0_5]_mean_reversion/sg/Sell/bk/ZIGZAGHL[10_10_0_5]_mean_reversion_Sell_UNT_exit_after_20_days_m24/tp/Ticker/
CWT,"California Water Service Group",$53.65,211683,Sell,SMA[50]_price_crossover,100.0%,2.39%,2.03%,6.91,22.00,10.5,https://arizet.com/quantumstocks/#v/pl/tk/CWT/sn/SMA[50]_price_crossover/sg/Sell/bk/SMA[50]_price_crossover_Buy_CWT_1:3_ATR[20]_m24/tp/Ticker/
DAL,"Delta Air Lines, Inc.",$59.07,8071452,Sell,CCI[30]_crosses_back_100_(-100)_levels,100.0%,2.54%,2.45%,22.71,15.00,11.0,https://arizet.com/quantumstocks/#v/pl/tk/DAL/sn/CCI[30]_crosses_back_100_(-100)_levels/sg/Sell/bk/CCI[30]_crosses_back_100_(-100)_levels_Buy_DAL_1:3_ATR[20]_m24/tp/Ticker/
AXE,"Anixter International Inc.",$68.45,179390,Sell,ZIGZAGHL[3_3_0_10]_mean_reversion,100.0%,7.87%,6.62%,6.95,17.00,29.4,https://arizet.com/quantumstocks/#v/pl/tk/AXE/sn/ZIGZAGHL[3_3_0_10]_mean_reversion/sg/Sell/bk/ZIGZAGHL[3_3_0_10]_mean_reversion_Buy_AXE_exit_after_20_days_m24/tp/Ticker/
WLFC,"Willis Lease Finance Corporation",$58.79,57845,Sell,CMO[14]_crosses_0_level,100.0%,2.85%,2.98%,22.38,30.00,10.4,https://arizet.com/quantumstocks/#v/pl/tk/WLFC/sn/CMO[14]_crosses_0_level/sg/Sell/bk/CMO[14]_crosses_0_level_Buy_WLFC_1:3_ATR[20]_m24/tp/Ticker/
WLFC,"Willis Lease Finance Corporation",$58.79,57845,Sell,CMO[9]_crosses_0_level,97.7%,2.67%,2.95%,15.49,43.00,10.9,https://arizet.com/quantumstocks/#v/pl/tk/WLFC/sn/CMO[9]_crosses_0_level/sg/Sell/bk/CMO[9]_crosses_0_level_Buy_WLFC_1:3_ATR[20]_m24/tp/Ticker/
WLFC,"Willis Lease Finance Corporation",$58.79,57845,Sell,EMA[20]_price_crossover,100.0%,2.76%,2.93%,23.36,37.00,10.3,https://arizet.com/quantumstocks/#v/pl/tk/WLFC/sn/EMA[20]_price_crossover/sg/Sell/bk/EMA[20]_price_crossover_Buy_WLFC_1:3_ATR[20]_m24/tp/Ticker/
WLFC,"Willis Lease Finance Corporation",$58.79,57845,Sell,TRIMA[50]_price_crossover,100.0%,2.92%,3.07%,19.38,17.00,9.2,https://arizet.com/quantumstocks/#v/pl/tk/WLFC/sn/TRIMA[50]_price_crossover/sg/Sell/bk/TRIMA[50]_price_crossover_Buy_WLFC_1:3_ATR[20]_m24/tp/Ticker/
WLFC,"Willis Lease Finance Corporation",$58.79,57845,Sell,WMA[50]_price_crossover,100.0%,2.82%,2.98%,22.92,28.00,10.7,https://arizet.com/quantumstocks/#v/pl/tk/WLFC/sn/WMA[50]_price_crossover/sg/Sell/bk/WMA[50]_price_crossover_Buy_WLFC_1:3_ATR[20]_m24/tp/Ticker/
DOX,"Amdocs Limited",$66.27,411301,Sell,CCI[20]_crosses_back_100_(-100)_levels,100.0%,1.79%,1.41%,5.15,17.00,21.7,https://arizet.com/quantumstocks/#v/pl/tk/DOX/sn/CCI[20]_crosses_back_100_(-100)_levels/sg/Sell/bk/CCI[20]_crosses_back_100_(-100)_levels_Buy_DOX_exit_after_15_days_m24/tp/Ticker/
WTR,"Aqua America, Inc.",$43.34,572313,Sell,CDLHARAMI_reversal,100.0%,1.67%,1.59%,21.48,23.00,5.8,https://arizet.com/quantumstocks/#v/pl/tk/WTR/sn/CDLHARAMI_reversal/sg/Sell/bk/CDLHARAMI_reversal_Buy_WTR_1:3_ATR[20]_m24/tp/Ticker/
YORW,"The York Water Company",$39.75,26198,Sell,ZIGZAGHL[10_10_0_5]_mean_reversion,100.0%,2.28%,2.28%,41.88,20.00,6.5,https://arizet.com/quantumstocks/#v/pl/tk/YORW/sn/ZIGZAGHL[10_10_0_5]_mean_reversion/sg/Sell/bk/ZIGZAGHL[10_10_0_5]_mean_reversion_Sell_YORW_1:3_ATR[20]_m24/tp/Ticker/
